titulo,empresa,localizacion,url
Data Scientist - Internship [Summer 2026],Two Sigma,"New York, United States",https://www.linkedin.com/jobs/view/data-scientist-internship-summer-2026-at-two-sigma-4340022260?position=1&pageNum=0&refId=dY1hjihPP99wLLmZUHO%2BDA%3D%3D&trackingId=aZ1%2Faj1rmv9z7bBu7o76AA%3D%3D
AI & ML Engineering Intern,Zello,"Austin, TX",https://www.linkedin.com/jobs/view/ai-ml-engineering-intern-at-zello-4388206688?position=2&pageNum=0&refId=dY1hjihPP99wLLmZUHO%2BDA%3D%3D&trackingId=yba%2B11NfzoqddXRAZ5RpjQ%3D%3D
Machine Learning Engineer Graduate (Data-Search-TikTok) - 2026 Start (PhD),TikTok,"San Jose, CA",https://www.linkedin.com/jobs/view/machine-learning-engineer-graduate-data-search-tiktok-2026-start-phd-at-tiktok-4304559137?position=3&pageNum=0&refId=dY1hjihPP99wLLmZUHO%2BDA%3D%3D&trackingId=zCXtFj%2FhFtR3rKnlhMkkXQ%3D%3D
Product Data Science Intern,Docusign,"Seattle, WA",https://www.linkedin.com/jobs/view/product-data-science-intern-at-docusign-4377986246?position=4&pageNum=0&refId=dY1hjihPP99wLLmZUHO%2BDA%3D%3D&trackingId=ZCJtvKJTIvbSK7vhd3YzKQ%3D%3D
Intern Data Scientist,SES Satellites,"Chicago, IL",https://www.linkedin.com/jobs/view/intern-data-scientist-at-ses-satellites-4408384669?position=5&pageNum=0&refId=dY1hjihPP99wLLmZUHO%2BDA%3D%3D&trackingId=SSeoEz7ciVa%2BKzbX0QBlrg%3D%3D
Digital Signal Processing ML Software Development Co-op,Bose Corporation,"Framingham, MA",https://www.linkedin.com/jobs/view/digital-signal-processing-ml-software-development-co-op-at-bose-corporation-4375575947?position=6&pageNum=0&refId=dY1hjihPP99wLLmZUHO%2BDA%3D%3D&trackingId=wIW8ZyO3srTVUDrIXedqBQ%3D%3D
AI Automation Intern,Bloom Energy,"San Jose, CA",https://www.linkedin.com/jobs/view/ai-automation-intern-at-bloom-energy-4378737953?position=7&pageNum=0&refId=dY1hjihPP99wLLmZUHO%2BDA%3D%3D&trackingId=fpTakIfcLgGHcNXmCaeU4A%3D%3D
Machine Learning Engineer Graduate (TikTok E-Commerce - Conversational AI)-2026 Start (PhD),ByteDance,"San Jose, CA",https://www.linkedin.com/jobs/view/machine-learning-engineer-graduate-tiktok-e-commerce-conversational-ai-2026-start-phd-at-bytedance-4378317500?position=8&pageNum=0&refId=dY1hjihPP99wLLmZUHO%2BDA%3D%3D&trackingId=U4aPSOD7UW12XMr0ynm6Bg%3D%3D
Research Scientist Intern (Applied Machine Learning-Enterprise) - 2026 Summer (BS/MS),ByteDance,"San Jose, CA",https://www.linkedin.com/jobs/view/research-scientist-intern-applied-machine-learning-enterprise-2026-summer-bs-ms-at-bytedance-4400949336?position=9&pageNum=0&refId=dY1hjihPP99wLLmZUHO%2BDA%3D%3D&trackingId=9LMnON63RtZqPQg13H8FfQ%3D%3D
Junior Engineer Intern,Prescient Edge,"McLean, VA",https://www.linkedin.com/jobs/view/junior-engineer-intern-at-prescient-edge-4409881696?position=10&pageNum=0&refId=dY1hjihPP99wLLmZUHO%2BDA%3D%3D&trackingId=lCV3OP%2FnzAGZ2IwypJf7MA%3D%3D
Research Scientist Intern (TikTok-Privacy Innovation Lab-Multimodal Generative Model) - 2026 Start (PhD),TikTok,"San Jose, CA",https://www.linkedin.com/jobs/view/research-scientist-intern-tiktok-privacy-innovation-lab-multimodal-generative-model-2026-start-phd-at-tiktok-4369300663?position=1&pageNum=1&refId=snPwyI3CgqVGZ%2F0QRjKEsw%3D%3D&trackingId=DETRSv5Id9V6N%2Bm6YAhDVw%3D%3D
"Student Worker - Research Assistant, AI Modeling",Desert Research Institute,"Las Vegas, NV",https://www.linkedin.com/jobs/view/student-worker-research-assistant-ai-modeling-at-desert-research-institute-4409875688?position=2&pageNum=1&refId=snPwyI3CgqVGZ%2F0QRjKEsw%3D%3D&trackingId=Uk9ztKLYuFwoJyK4aKjsZA%3D%3D
Applied Researcher I,Capital One,"Cambridge, MA",https://www.linkedin.com/jobs/view/applied-researcher-i-at-capital-one-4388204772?position=3&pageNum=1&refId=snPwyI3CgqVGZ%2F0QRjKEsw%3D%3D&trackingId=%2B3e2sdXpWfuudBnIqEWpsQ%3D%3D
Applied Researcher I,Capital One,"McLean, VA",https://www.linkedin.com/jobs/view/applied-researcher-i-at-capital-one-4388215457?position=4&pageNum=1&refId=snPwyI3CgqVGZ%2F0QRjKEsw%3D%3D&trackingId=f9DyRWoQgNY1FlsTDZde8Q%3D%3D
Postdoctoral Research Associate - AI for Science,CHEManager International,"Oak Ridge, TN",https://www.linkedin.com/jobs/view/postdoctoral-research-associate-ai-for-science-at-chemanager-international-4408375800?position=5&pageNum=1&refId=snPwyI3CgqVGZ%2F0QRjKEsw%3D%3D&trackingId=QSawBggaKa46K1chSrwK9A%3D%3D
Software Intern,Cadence,"San Jose, CA",https://www.linkedin.com/jobs/view/software-intern-at-cadence-4357629442?position=6&pageNum=1&refId=snPwyI3CgqVGZ%2F0QRjKEsw%3D%3D&trackingId=NLXN3fB4IQl2Cg21V6RdJg%3D%3D
Post-Doc Research Associate,Inside Higher Ed,"Chapel Hill, NC",https://www.linkedin.com/jobs/view/post-doc-research-associate-at-inside-higher-ed-4409862115?position=7&pageNum=1&refId=snPwyI3CgqVGZ%2F0QRjKEsw%3D%3D&trackingId=YXf4EE%2FLf%2BVmb48riVbl2A%3D%3D
Postdoctoral Scientist - Feder Lab,Howard Hughes Medical Institute (HHMI),"Seattle, WA",https://www.linkedin.com/jobs/view/postdoctoral-scientist-feder-lab-at-howard-hughes-medical-institute-hhmi-4348497947?position=8&pageNum=1&refId=snPwyI3CgqVGZ%2F0QRjKEsw%3D%3D&trackingId=zDDM3RbVfA0cQFAxtdaWCA%3D%3D
Higher Ed Andrew Nichols Research Fellow,CHEManager International,"District of Columbia, United States",https://www.linkedin.com/jobs/view/higher-ed-andrew-nichols-research-fellow-at-chemanager-international-4408381608?position=9&pageNum=1&refId=snPwyI3CgqVGZ%2F0QRjKEsw%3D%3D&trackingId=dhekiYkKE%2FbS0ZTAiO%2BWKw%3D%3D
Posit Summer Internships,Posit PBC,United States,https://www.linkedin.com/jobs/view/posit-summer-internships-at-posit-pbc-4385783145?position=10&pageNum=1&refId=snPwyI3CgqVGZ%2F0QRjKEsw%3D%3D&trackingId=14R%2FvR089xo5LImssuSzKA%3D%3D
Data Engineer,Pam,"Tysons Corner, VA",https://www.linkedin.com/jobs/view/data-engineer-at-pam-4408353480?position=1&pageNum=2&refId=ivJNCl5yK0%2BVyGroJ4eTGA%3D%3D&trackingId=1RcHsaDqANkioM1eZO%2BFaA%3D%3D
Integration Development Intern,Perdue Farms,"Salisbury, MD",https://www.linkedin.com/jobs/view/integration-development-intern-at-perdue-farms-4382065699?position=2&pageNum=2&refId=ivJNCl5yK0%2BVyGroJ4eTGA%3D%3D&trackingId=RYvS5h8AAR9QHSYKc%2BmlSA%3D%3D
"Postdoctoral Researcher, Horns Lab",Arc Institute,"Palo Alto, CA",https://www.linkedin.com/jobs/view/postdoctoral-researcher-horns-lab-at-arc-institute-4359082714?position=3&pageNum=2&refId=ivJNCl5yK0%2BVyGroJ4eTGA%3D%3D&trackingId=aU%2BPlezwr0tnf4qwwefNGA%3D%3D
Postdoctoral Researcher,Inside Higher Ed,"Kennesaw, GA",https://www.linkedin.com/jobs/view/postdoctoral-researcher-at-inside-higher-ed-4409834650?position=4&pageNum=2&refId=ivJNCl5yK0%2BVyGroJ4eTGA%3D%3D&trackingId=lTqlFIPd7FXCybgmYNPisg%3D%3D
"Early Career Cybersecurity Researcher - Cyber Threat Center (5600), Onsite",CHEManager International,"Albuquerque, NM",https://www.linkedin.com/jobs/view/early-career-cybersecurity-researcher-cyber-threat-center-5600-onsite-at-chemanager-international-4408381612?position=5&pageNum=2&refId=ivJNCl5yK0%2BVyGroJ4eTGA%3D%3D&trackingId=ZTx29No1EHfhQsln5iniYQ%3D%3D
Data Analyst Intern,Vallourec - North America,"Houston, TX",https://www.linkedin.com/jobs/view/data-analyst-intern-at-vallourec-north-america-4369820194?position=6&pageNum=2&refId=ivJNCl5yK0%2BVyGroJ4eTGA%3D%3D&trackingId=rTHkqUL6i2r5jF9FrU16NA%3D%3D
Postdoctoral Fellow - Robotics Institute,Carnegie Mellon University,"Pittsburgh, PA",https://www.linkedin.com/jobs/view/postdoctoral-fellow-robotics-institute-at-carnegie-mellon-university-4300724633?position=7&pageNum=2&refId=ivJNCl5yK0%2BVyGroJ4eTGA%3D%3D&trackingId=0XPOTZ%2FbCqH%2BQa3N%2F0Cv%2Bg%3D%3D
Working in Technology (WiT) Platform Engineering - Summer 2026,William Blair,"Chicago, IL",https://www.linkedin.com/jobs/view/working-in-technology-wit-platform-engineering-summer-2026-at-william-blair-4348506415?position=8&pageNum=2&refId=ivJNCl5yK0%2BVyGroJ4eTGA%3D%3D&trackingId=oPFnMz0LpS3jwujaHl%2FLlA%3D%3D
Postdoctoral Research Associate - HPC Confidential Computing and Secure Multi-tenancy,CHEManager International,"Oak Ridge, TN",https://www.linkedin.com/jobs/view/postdoctoral-research-associate-hpc-confidential-computing-and-secure-multi-tenancy-at-chemanager-international-4408366973?position=9&pageNum=2&refId=ivJNCl5yK0%2BVyGroJ4eTGA%3D%3D&trackingId=LlD4LUwy5UFclDtnaT4Pew%3D%3D
Postdoctoral Research Associate in Industrial and Systems Engineering,Inside Higher Ed,"Bethlehem, PA",https://www.linkedin.com/jobs/view/postdoctoral-research-associate-in-industrial-and-systems-engineering-at-inside-higher-ed-4409878563?position=10&pageNum=2&refId=ivJNCl5yK0%2BVyGroJ4eTGA%3D%3D&trackingId=uDDdVG4p%2B8aCmkW4Krb2vg%3D%3D
"Graduate Quantitative Researcher, PhD (2026 Start)",Optiver,"Austin, TX",https://www.linkedin.com/jobs/view/graduate-quantitative-researcher-phd-2026-start-at-optiver-4407297871?position=1&pageNum=3&refId=XhGDIZWeepaONaVpKP4C%2Fg%3D%3D&trackingId=IsIL8Pw6hpz6o4%2BR3PjTWg%3D%3D
"Advanced Development Software Intern , Cooper Lighting Solutions (Summer 2026)",SIGNIFY SIGNMAKERS & SCREENPRINTING LIMITED,"Atlanta, GA",https://www.linkedin.com/jobs/view/advanced-development-software-intern-cooper-lighting-solutions-summer-2026-at-signify-signmakers-screenprinting-limited-4409868725?position=2&pageNum=3&refId=XhGDIZWeepaONaVpKP4C%2Fg%3D%3D&trackingId=nKCT4JWT%2F%2BxbjyiYavOF5Q%3D%3D
